{"inputUnits":[6],"outputUnits":2,"inputs":{"0":{"dtype":"number","min":0.3746568262577057,"max":0.9310736656188965},"1":{"dtype":"number","min":0.472178190946579,"max":0.927763044834137},"2":{"dtype":"number","min":-1.161189079284668,"max":0.3297376334667206},"3":{"dtype":"number","min":0.04821869730949402,"max":0.5141356457989418},"4":{"dtype":"number","min":0.4430990219116211,"max":0.9232797622680664},"5":{"dtype":"number","min":-1.2168341875076294,"max":-0.14271490275859833}},"outputs":{"0":{"dtype":"string","min":0,"max":1,"uniqueValues":["good posture","bad posture"],"legend":{"good posture":[1,0],"bad posture":[0,1]}}},"isNormalized":true}